filename,label
26072025142541-0001.pdf,COF
26072025142541-0002.pdf,COF
26072025142541-0003.pdf,DO
26072025142541-0004.pdf,SRF
26072025142541-0005.pdf,DO
26072025142541-0006.pdf,BA_HALO
26072025142541-0007.pdf,CHR
26072025142541-0008.pdf,COF
26072025142541-0009.pdf,BA_KKB
26072025142541-0010.pdf,COF
26072025142541-0011.pdf,COF
26072025142541-0012.pdf,BASTB
26072025142541-0013.pdf,BA_HALO
26072025142541-0014.pdf,COF
26072025142541-0015.pdf,BA_KKB
26072025142541-0016.pdf,SRF
26072025142541-0017.pdf,BA_KKB
26072025142541-0018.pdf,SRF
26072025142541-0019.pdf,COF
26072025142541-0020.pdf,BA_KKB
26072025142541-0021.pdf,BASTB
26072025142541-0022.pdf,COF
26072025142541-0023.pdf,COF
26072025142541-0024.pdf,COF
26072025142541-0025.pdf,COF
26072025142541-0026.pdf,SRF
26072025142541-0027.pdf,SRF
26072025142541-0028.pdf,SRF
26072025142541-0029.pdf,SRF
26072025142541-0030.pdf,SRF
26072025142541-0031.pdf,COF
26072025142541-0032.pdf,OOPR
